20260323T091250Z_webconnectivity_KR_3786_n4_H8SiSGaoJAmc2pAi,2221
20260325T054743Z_webconnectivity_KR_3786_n4_DADo2oxUQGLBoyLI,2221
20260327T055840Z_webconnectivity_KR_3786_n4_fvo7uUdjcTIUotfy,2221
20260330T065809Z_webconnectivity_KR_3786_n4_r1ieJ9cUOfgQio0E,2221
20260401T055426Z_webconnectivity_KR_3786_n4_DGamf5mdb1FLfKwR,2221
20260403T055353Z_webconnectivity_KR_3786_n4_in8SoUXDKLJvV0L2,2221
20260408T082805Z_webconnectivity_KR_3786_n4_LRhoioNhYkFvczj6,2221
20260410T062550Z_webconnectivity_KR_3786_n4_UhYrQVTVS3IER8e0,2221
20260413T055719Z_webconnectivity_KR_3786_n4_4ai2KykeiNVs0HPI,2221
20260415T054906Z_webconnectivity_KR_3786_n4_WOpwPhZ1YMDY5qIR,2221
20260417T061845Z_webconnectivity_KR_3786_n4_2RxxjGMarAC05dTv,2221
20260420T054803Z_webconnectivity_KR_3786_n4_cZyQptFTNK8mrANx,2221
20260421T222846Z_webconnectivity_KR_3786_n4_V6tzn6SymkiZKAbO,2222
20260423T222826Z_webconnectivity_KR_3786_n4_YoFlWY0HcQjO2Z65,2222
20260427T012732Z_webconnectivity_KR_3786_n4_priKFW8ms8Z7CYfu,2222
20260429T032024Z_webconnectivity_KR_3786_n4_k9tKaAO2rgoHTq0H,2223
20260506T055109Z_webconnectivity_KR_3786_n4_aUB6OElLNF4vH6xm,2223
20260508T012306Z_webconnectivity_KR_3786_n4_E4lc6cIHAW4H7L42,2223
20260511T071726Z_webconnectivity_KR_3786_n4_mQP6ksxNpO1N7UOX,2223
20260513T061528Z_webconnectivity_KR_3786_n4_siAchkbkyekA4ZXO,2223