20260323T091250Z_webconnectivity_KR_3786_n4_H8SiSGaoJAmc2pAi,1528,556,37,4,29,24,43,0,0
20260325T054743Z_webconnectivity_KR_3786_n4_DADo2oxUQGLBoyLI,1538,557,33,2,24,24,43,0,0
20260327T055840Z_webconnectivity_KR_3786_n4_fvo7uUdjcTIUotfy,1539,556,35,1,24,24,42,0,0
20260330T065809Z_webconnectivity_KR_3786_n4_r1ieJ9cUOfgQio0E,1533,560,36,3,26,24,39,0,0
20260401T055426Z_webconnectivity_KR_3786_n4_DGamf5mdb1FLfKwR,1537,555,39,2,25,24,39,0,0
20260403T055353Z_webconnectivity_KR_3786_n4_in8SoUXDKLJvV0L2,1539,558,36,1,22,24,41,0,0
20260408T082805Z_webconnectivity_KR_3786_n4_LRhoioNhYkFvczj6,1541,560,34,1,26,23,36,0,0
20260410T062550Z_webconnectivity_KR_3786_n4_UhYrQVTVS3IER8e0,1542,561,34,1,19,23,41,0,0
20260413T055719Z_webconnectivity_KR_3786_n4_4ai2KykeiNVs0HPI,1538,562,35,2,19,23,42,0,0
20260415T054906Z_webconnectivity_KR_3786_n4_WOpwPhZ1YMDY5qIR,1532,564,34,1,21,23,46,0,0
20260417T061845Z_webconnectivity_KR_3786_n4_2RxxjGMarAC05dTv,1209,913,32,2,16,9,40,0,0
20260420T054803Z_webconnectivity_KR_3786_n4_cZyQptFTNK8mrANx,1538,564,34,1,23,23,38,0,0
20260421T222846Z_webconnectivity_KR_3786_n4_V6tzn6SymkiZKAbO,1542,556,40,3,21,23,37,0,0
20260423T222826Z_webconnectivity_KR_3786_n4_YoFlWY0HcQjO2Z65,1529,563,40,6,24,23,37,0,0
20260427T012732Z_webconnectivity_KR_3786_n4_priKFW8ms8Z7CYfu,1537,561,39,7,19,23,36,0,0
20260429T032024Z_webconnectivity_KR_3786_n4_k9tKaAO2rgoHTq0H,1539,562,34,6,18,23,41,0,0
20260506T055109Z_webconnectivity_KR_3786_n4_aUB6OElLNF4vH6xm,1541,562,37,2,21,23,37,0,0
20260508T012306Z_webconnectivity_KR_3786_n4_E4lc6cIHAW4H7L42,1540,560,39,2,22,23,37,0,0
20260511T071726Z_webconnectivity_KR_3786_n4_mQP6ksxNpO1N7UOX,1544,559,37,3,19,23,38,0,0
20260513T061528Z_webconnectivity_KR_3786_n4_siAchkbkyekA4ZXO,1547,561,36,2,19,23,35,0,0
