20260304T034739Z_webconnectivity_KR_3786_n4_AIor3ENmw2zilzrz,1592,476,37,8,31,32,45,0,0
20260306T053946Z_webconnectivity_KR_3786_n4_uBljfQbWCFF90Gct,1533,558,34,2,23,24,47,0,0
20260309T044236Z_webconnectivity_KR_3786_n4_nMx4hOhPSsT2ccHC,1537,556,37,4,22,24,41,0,0
20260313T052559Z_webconnectivity_KR_3786_n4_c8VNwqSC2hLpA3To,1527,559,31,7,29,24,44,0,0
20260318T044316Z_webconnectivity_KR_3786_n4_E5AnaXPcmAghoIrV,1534,558,35,2,24,24,44,0,0
20260320T052548Z_webconnectivity_KR_3786_n4_htmm3eeogBKDMX5c,1529,563,34,2,26,24,43,0,0
20260324T053107Z_webconnectivity_KR_3786_n4_wj67qvw8xjYIkumE,1533,559,32,6,25,23,43,0,0
20260326T064159Z_webconnectivity_KR_3786_n4_VhEcxDcDpOZg85Fh,1540,552,36,1,27,24,41,0,0
20260331T064242Z_webconnectivity_KR_3786_n4_gUFCKx7S4L00oXNM,1537,559,35,1,26,24,39,0,0
20260402T064224Z_webconnectivity_KR_3786_n4_FoBDiGuAospYc7k7,1532,559,36,2,25,24,43,0,0
